id;user_name;password;type_user;nom;prenom;sexe;nif_ou_cin;statut;created_by;created_date;last_modified_by;last_modified_date
1;Cambodia Frozen Concrete;Borders;INTERNE;Pants Account monetize;one-to-one Armenian;FEMININ;Keyboard;ACTIVE;Sports Functionality;2022-07-06T11:19:14;withdrawal Borders cyan;2022-07-06T19:38:06
2;Granite drive;context-sensitive strategic calculate;PARTENAIRE;Maryland;modular circuit;Masculin;Angola connecting;ACTIVE;navigate integrate Shoes;2022-07-06T10:57:22;incubate quantifying sticky;2022-07-06T00:29:07
3;Infrastructure Wooden installation;Loan;PARTENAIRE;Dakota attitude-oriented;Yemeni Product;FEMININ;Unbranded Program;ACTIVE;sticky Paradigm Orchestrator;2022-07-06T08:23:36;bypass Dirham Tasty;2022-07-06T16:40:57
4;Netherlands deposit ROI;Creek;PARTENAIRE;system-worthy;Alaska;FEMININ;THX Switzerland;BLOQUE;orchid Security;2022-07-06T02:32:33;Sports;2022-07-06T15:11:57
5;initiatives SCSI;Cross-platform Baby;PARTENAIRE;panel withdrawal transmit;bricks-and-clicks Implemented;FEMININ;panel Licensed;ACTIVE;Movies;2022-07-06T00:48:26;initiative scalable;2022-07-06T14:36:59
6;Public-key New EXE;International orchestrate National;PARTENAIRE;Wyoming Developer;Soft benchmark;Masculin;Soft;ACTIVE;proactive transmitting;2022-07-06T13:41:42;experiences web-enabled cross-platform;2022-07-06T19:55:21
7;Cambridgeshire;Small global;INTERNE;teal;copy;FEMININ;invoice;CLOSED;leverage;2022-07-06T13:24:03;Congo;2022-07-06T08:06:24
8;Spurs intermediate calculating;Avon;PARTENAIRE;hack Mandatory;Bacon;Masculin;Practical Plastic Te;CLOSED;Producer;2022-07-06T09:37:15;Camp Malta;2022-07-06T05:23:15
9;Pants Loan;parse;PARTENAIRE;Gloves;connecting lime Lek;Masculin;turquoise;CLOSED;payment;2022-07-06T22:20:26;Bedfordshire Granite;2022-07-06T20:09:25
10;Legacy infomediaries;Cross-group Future;INTERNE;Avon SAS Legacy;SDD compressing;Masculin;turquoise redefine;BLOQUE;Product Maldives Nebraska;2022-07-06T04:52:33;withdrawal solution array;2022-07-06T06:08:44
